filename,mood,confidence,valence,arousal,energy,tempo,avg_rms,avg_dbfs,avg_centroid,dynamic_level,intensity,mfcc_1,mfcc_2,mfcc_3,mfcc_4,mfcc_5,mfcc_6,mfcc_7,mfcc_8,mfcc_9,mfcc_10,mfcc_11,mfcc_12,mfcc_13
07 - Cinematic epic music｜＂The Sword＂｜Copyright free epic music｜FREE Epic Music｜EPIC MUSIC WAVES.mp3,Peaceful / Positive,0.43,0.6257727382256755,0.31004117273766063,0.345199,81.52173913043478,0.07100618,-36.218834,1059.3948093492147,0.06567361,0.74586284,-322.87534,146.5122,1.5381355,23.084047,18.86723,12.6139145,5.702977,8.413394,5.2287927,7.03796,7.1253133,2.407443,2.9991872
02 - INTRIGUE - Most Cinematic Suspense music ever ｜ No Copyright Music ｜ Epic Music Waves.mp3,Neutral / Mixed,0.47,0.6310147006720515,0.4037316943736786,0.38017702,119.68085106382979,0.086298235,-33.188107,1225.2232761922444,0.06831478,0.7850575,-276.03836,163.72226,-2.1945329,12.85188,15.09322,5.176958,-4.047412,-4.1802163,-5.785743,-6.3433104,-7.3293996,-7.763861,-3.7334177
17 - FREE Cinematic Action Background Music ｜ No Copyright Cinematic Background Music ｜ EMW.mp3,Neutral / Mixed,0.35,0.1382484172083685,0.4796486675739288,0.43880945,140.625,0.125087,-25.55177,1190.9239471126089,0.064441316,0.9251794,-244.18172,191.42853,-19.761295,28.440544,19.935268,14.064274,3.8694685,1.4364136,8.874951,0.300753,2.8988624,-4.159626,-2.782597
27 - FREE Emotional Cinematic Background Music ｜ Emotional Cinematic Background Music NO COPYRIGHT • EMW.mp3,Neutral / Mixed,0.47,0.6452209405502467,0.40798905270044195,0.36246565,130.8139534883721,0.11922002,-24.489613,617.6394058874297,0.04527275,0.6986843,-331.8712,208.4845,44.113693,15.7463665,16.216713,11.413285,4.945212,1.4113601,-1.2611461,-3.4815962,-1.749458,-0.5729359,-1.9898683
11 - Cinematic Motivational & Intense Epic music - RAY OF HOPE ｜ Epic Motivational music no copyright.mp3,Peaceful / Positive,0.46,0.6951727865708113,0.3909779071807861,0.29974848,140.625,0.07895945,-31.20567,1300.5173186472412,0.044802807,0.84352404,-259.188,187.18953,-4.6439433,16.280983,8.271355,10.603522,-4.450089,5.061059,1.471592,-0.1663277,1.9401138,-2.0648355,0.5508307
29 - Epic Cinematic Background Music NO COPYRIGHT ｜ FREE Epic Background Music For Videos • EMW.mp3,Neutral / Mixed,0.47,0.06301147879736108,0.588128142639742,0.7492091,95.33898305084746,0.2472623,-18.498116,1382.1607031630551,0.106844194,0.9276318,-156.52376,179.13956,-12.530008,28.746555,9.921129,20.201193,3.608785,7.881865,7.4397163,3.926725,5.7139535,2.355733,3.812918
22 - Epic Cinematic Background Music NO COPYRIGHT ｜ FREE Epic Background Music For Videos • EMW.mp3,Neutral / Mixed,0.5,0.07605320829586065,0.6686831338065011,0.7625675,133.92857142857142,0.25500074,-18.140549,1564.744916142049,0.10160805,0.9391579,-135.99583,180.94421,-34.47534,41.712532,13.258899,14.691933,5.843198,3.8588111,8.36763,4.347901,5.9178824,3.230039,3.1309495
30 - Epic Cinematic Background Music NO COPYRIGHT ｜ FREE Epic Background Music For Videos • EMW.mp3,Neutral / Mixed,0.63,0.6293266104822777,0.6150921761989594,0.65672684,140.625,0.2345688,-18.785124,1398.028504879862,0.07392731,1.0999221,-159.7723,195.51494,-20.106924,43.38645,4.4728603,14.428698,4.2226467,1.9113265,3.0567486,3.8551826,4.7873254,2.484374,4.795641
24 - Motivational Background Music No Copyright ｜ Motivational Cinematic Background Music Royalty FREE.mp3,Neutral / Mixed,0.41,0.051578877550706434,0.5506891695820555,0.6285603,114.79591836734694,0.17717025,-23.11878,1222.10428570989,0.111759596,0.8319143,-193.13551,180.86769,-5.895339,28.252432,14.339481,9.961733,3.9309819,4.456843,6.9935374,1.7354865,5.0866957,1.905221,-1.6084064
abc3.mp3,Neutral / Mixed,0.56,0.5683786657711629,0.5868468934489834,0.5308938,166.70866935483872,0.12243846,-28.664137,1457.3013207962815,0.1028965,0.67074233,-230.91728,165.90894,3.7753124,17.991259,-1.3940719,9.212415,-2.2507067,5.793915,-2.0482984,0.9112572,-1.1866121,1.5259525,0.9379204
03 - Trailer - (NO COPYRIGHT) Epic and Action Cinematic Background Music For Videos ｜｜ EMW.mp3,Neutral / Mixed,0.66,0.5690364301864674,0.663972966160093,0.75501525,133.92857142857142,0.2507376,-18.282722,1466.5100226105446,0.10017974,0.92798245,-144.84735,182.52396,-33.09485,39.89476,14.149897,12.665031,9.147288,3.3737962,10.221768,3.6048212,6.907552,2.8540561,2.754256
21 - FREE Cinematic Background Music For Videos ｜ Royalty FREE Cinematic Background Music • EMW.mp3,Peaceful / Positive,0.47,0.7191224921205904,0.38479987510613034,0.3068868,133.92857142857142,0.08861314,-28.144672,1437.179018897785,0.039127547,1.0453892,-246.04451,180.67224,-16.049654,28.576345,3.448289,13.389884,3.9174356,5.787664,5.825258,4.6197658,6.221142,-0.6044186,-0.2952663
14 - Epic powerful cinematic and heroic music (Bheeshma-The god father) ｜ Epic heroic music｜ Indian music.mp3,Peaceful / Positive,0.47,0.6707153521243681,0.38221787214279174,0.3677196,112.5,0.09913065,-36.289364,1327.3389768297754,0.055352114,0.9111371,-255.16736,170.70663,-20.8344,25.058308,0.12875925,8.862743,-2.3987925,8.836904,11.408829,-1.8204492,5.5600333,2.2567048,2.7375374
28 - Cinematic Trailer Background Music No Copyright ｜ Royalty FREE Trailer Background Music • EMW.mp3,Neutral / Mixed,0.62,0.6093159292702536,0.6076251447200776,0.64023155,140.625,0.18191743,-26.49709,2030.4230097835502,0.103795335,0.92589605,-159.05797,158.8802,-31.61126,35.987446,-5.187137,20.692772,-8.076869,4.137145,0.86280227,2.7113788,4.5137267,-1.6568685,4.5079594
31 - Epic Cinematic Background Music NO COPYRIGHT ｜ FREE Epic Background Music For Videos • EMW.mp3,Neutral / Mixed,0.64,0.6233172084533787,0.6145378627056299,0.6799884,130.8139534883721,0.20359007,-21.22446,2226.4409183473012,0.10616245,1.0167903,-138.40916,163.93683,-20.518393,47.271973,-5.680709,24.109482,-5.8670874,10.971858,2.925151,3.9427032,2.6874936,-0.51768345,3.536787
08 - COPYRIGHT FREE Science Fiction Music ｜ Cinematic Ambient Background Music NO COPYRIGHT • EMW.mp3,Neutral / Mixed,0.31,0.08248773012505743,0.4222247148261351,0.44004682,110.29411764705883,0.11969514,-26.421505,598.765582991191,0.06982678,0.7768639,-302.15115,187.75554,56.889713,13.123912,12.399794,7.8460765,2.524177,-0.44051048,-0.3375967,0.29216254,0.81384677,1.760204,1.3034688
23 - Powerful Cinematic Background Music NO Copyright ｜ Copyright FREE Music For Cinematic Video • EMW.mp3,Neutral / Mixed,0.61,0.5950274196043834,0.5993817031383515,0.62661445,140.625,0.17606238,-22.917484,1778.922416255192,0.098529674,0.9397023,-178.15526,171.04428,-17.426685,32.144367,3.1964352,20.425274,-3.2554233,7.2430778,4.358266,2.6888554,1.390868,0.16743314,3.6139028
10 - Beautiful Emotional & Inspiring Epic [No Copyright] Music： ＂The power within＂ by Whitesand • EMW.mp3,Peaceful / Positive,0.43,0.6800525526400486,0.294509152494944,0.30776417,86.53846153846153,0.07748449,-30.885153,1230.7769619171936,0.048858322,0.8012101,-283.73688,172.57166,2.4939957,24.524872,3.4230936,13.517261,1.3899287,1.9933213,3.629961,0.24409565,2.421572,-2.813992,1.7104551
15 - Beyond the clouds (Epic cinematic adventure and motivational music) ｜ Copyright free epic music.mp3,Neutral / Mixed,0.41,0.13469690255714575,0.49685363343783784,0.59649724,100.44642857142857,0.23345785,-20.382734,892.7299322039255,0.057342097,0.8843637,-199.63481,223.20432,-8.596188,21.650679,19.48769,9.189542,0.39783296,-3.3831422,-0.85488296,-4.0742874,-2.8744433,-2.9288893,-3.0105338
abc5.mp3,Neutral / Mixed,0.64,0.7187079580273158,0.5273390648826476,0.66134816,90.7258064516129,0.2106768,-20.375132,3165.320225858984,0.08866882,1.1053435,-114.64942,138.37929,-19.70139,46.526077,-15.665202,27.082163,-13.314073,10.724433,-6.4418488,8.197659,-7.021705,9.00699,3.3622382
13 - [COPYRIGHT FREE] Cinematic Inspiring Background Music ｜ EMW.mp3,Neutral / Mixed,0.44,0.044480874107517505,0.6188069279377277,0.6519625,144.23076923076923,0.19734281,-27.073927,1018.6579679720877,0.09702645,0.79946226,-215.14429,196.4715,-11.026085,21.101664,10.037883,9.91262,3.296736,-3.7988682,3.5486207,-2.824187,0.026542386,-6.574145,-6.1709986
01 - Beautiful Cinematic Piano Background Music For Videos ｜ Relaxing Cinematic Music NO COPYRIGHT • EMW.mp3,Neutral / Mixed,0.52,0.6121958518057125,0.43542866706848143,0.5174382,93.75,0.17793676,-21.297106,816.5599739955653,0.06416623,0.7094546,-250.1662,207.85893,16.295677,31.777292,10.632139,10.4605665,9.021906,6.5029716,11.640117,4.3121896,3.2856812,-2.095886,-5.0530405
abc1.mp3,Neutral / Mixed,0.38,0.21712860785828658,0.417041784322868,0.4968693,87.5926906779661,0.1627972,-22.4374,2158.43148550086,0.060532313,1.0985919,-197.64302,156.1371,10.078445,44.381454,-12.649707,31.774204,-5.215403,16.585917,-6.721057,4.666629,-1.244311,7.325419,-3.2426887
abc2.mp3,Neutral / Mixed,0.55,0.6675653927204829,0.5045877197893655,0.4851621,137.1951219512195,0.13096045,-25.096748,1988.7046235292646,0.07550826,1.0092473,-186.5698,156.43114,-12.423894,37.10048,5.18829,20.321682,-1.494385,5.6454654,2.869271,0.8694064,3.8876212,-1.0566459,3.1115427
12 - NO COPYRIGHT Cinematic Epic Trailer Music • Resurgence - Ghostrifter Official ｜ Epic Music Waves.mp3,Neutral / Mixed,0.33,0.23031039243090806,0.4163793695824487,0.3558273,133.92857142857142,0.0910451,-29.727913,2144.70006895146,0.054867275,0.98709124,-214.418,156.9533,-30.62117,35.4947,-5.641957,11.832296,-4.9054155,0.947342,-1.7802247,1.0148093,1.4911481,-2.302319,1.750452
16 - Epic Cinematic Background Music NO COPYRIGHT ｜ FREE Epic Background Music For Videos • EMW.mp3,Neutral / Mixed,0.62,0.5944993181634416,0.6016673721546351,0.65890455,130.8139534883721,0.19127001,-21.892878,1822.9904542881818,0.10534273,1.0030301,-172.48425,166.82863,0.1403833,33.744442,-0.12539977,21.335283,-1.0940831,12.012083,5.4002404,4.844068,1.7055601,-1.1258309,2.1952455
04 - Epic Cinematic Dramatic Background Music NO COPYRIGHT ｜ Royalty Free Dramatic Music For Videos • EMW.mp3,Neutral / Mixed,0.36,0.12198304151728692,0.4285676761813786,0.53530484,81.52173913043478,0.15489475,-23.482716,1554.2179168590824,0.0813273,0.82912654,-186.67894,181.99512,-11.406882,33.58291,1.2878908,16.20859,-3.817891,5.2198315,1.5891763,2.5670285,0.65342027,-6.2078123,-0.15809183
26 - Epic Cinematic Background Music NO COPYRIGHT ｜ FREE Epic Background Music For Videos • EMW.mp3,Neutral / Mixed,0.65,0.5664348484404891,0.72727907,0.6539199,208.33333333333334,0.18996127,-21.218008,1430.087878166847,0.10264566,0.9329438,-174.01476,174.35582,-25.543262,32.872578,14.927651,8.274843,8.718068,5.5827622,10.864425,6.7855973,8.29325,6.7382774,5.370394
abc4.mp3,Neutral / Mixed,0.5,0.6440925409843773,0.4466470956802368,0.42324355,129.19921875,0.12786317,-24.944569,1068.3964238865672,0.058602884,0.8582408,-256.72595,180.44391,12.273742,20.031433,17.749506,11.944549,-4.6811795,-2.7848656,-3.250427,-3.011195,-2.5130193,-4.5619087,-6.2514863
20 - COPYRIGHT FREE Science Fiction Music ｜ Cinematic Ambient Royalty Free Music Background Music ｜ EMW.mp3,Sad / Calm,0.3,0.10785544,0.36681496481741627,0.4157575,90.7258064516129,0.13079342,-25.74576,420.8772328347283,0.056857824,0.6798749,-362.6023,215.74307,59.77011,15.524136,18.569798,14.358424,6.3369317,2.879866,5.968185,5.6069975,2.30207,-0.60785604,-2.7522457
18 - Calm Cinematic Background Music No Copyright ｜ Cinematic Ambient Royalty Free Music Background Music.mp3,Peaceful / Positive,0.38,0.7618945333576697,0.19014428703090813,0.18705562,71.20253164556962,0.040900324,-36.320477,1651.745449009634,0.028149197,0.8610204,-363.27765,166.34306,11.340626,33.556225,-6.770333,2.1215155,-8.105366,-1.647179,-0.12691517,-11.638552,-6.90441,-9.359143,-4.5969853
19 - Free Dramatic Background Music No Copyright ｜｜ Royalty Free Dramatic Background Music ｜｜ EMW.mp3,Peaceful / Positive,0.49,0.7118853913366936,0.3974147780375047,0.34629512,127.8409090909091,0.09638881,-28.392315,1692.6945857884475,0.049322832,0.9419649,-204.67818,179.35175,-28.357933,25.974382,-3.7733698,14.95979,-3.9098306,5.55482,2.6634161,0.16896768,3.3236995,-2.5520716,3.671558
06 - The Forbidden Street-Epic cinematic suspense and mysterious music ｜ No Copyright Dark music.mp3,Neutral / Mixed,0.63,0.5741678847019764,0.5679021183182211,0.7537807,82.72058823529412,0.24896958,-21.496769,1538.3503858276697,0.1050992,0.97078526,-167.45718,179.077,-11.210567,26.808113,5.5863333,14.023162,1.8070073,6.4756002,-0.23646523,2.1792922,2.047431,-0.12015658,1.2610675
25 - FREE Background Music For Documentary Videos ｜ Royalty free Cinematic Background Music • EMW.mp3,Neutral / Mixed,0.59,0.6224544645960534,0.5205832259995596,0.62770724,100.44642857142857,0.21081577,-20.935827,1511.46632657604,0.07991725,0.9148969,-160.19144,196.2217,-20.740137,24.003017,-0.0017865081,8.910477,-10.952739,-2.4596903,0.4814532,-2.6627538,1.5658431,0.56166387,3.474258
05 - Cinematic⧸Inspiring⧸Epic Music [No Copyright] • EMW.mp3,Peaceful / Positive,0.43,0.6756247915239969,0.3152636196078925,0.31153664,96.98275862068965,0.09040217,-27.67363,958.4138317670171,0.042847622,0.80808806,-292.51553,189.02629,25.348269,28.329006,2.8786254,-3.1575365,-0.35669705,-2.4431815,3.2407594,3.0795758,4.6972933,1.035487,-3.6648438
09 - Journey to an unknown destiny - epic cinematic music (No Copyright) • EMW.mp3,Sad / Calm,0.3,0.15619026714614337,0.3970743788140161,0.33242828,133.92857142857142,0.09315732,-29.814629,914.4419363808462,0.049365096,0.72677004,-288.69278,211.98032,-6.595761,2.8649993,20.627422,3.4989614,0.22949176,-2.8956559,-4.14733,-4.5137644,-2.3679974,-3.2746017,-3.0685906
asdf.mp3,Neutral / Mixed,0.54,0.5542645440494902,0.5131796479225159,0.5517302,117.1875,0.124915645,-29.136026,1259.703616692863,0.10555045,1.0884358,-298.10135,153.43921,34.860546,20.734802,4.6570725,2.9425523,-3.2835257,-3.395932,-5.2990146,-0.49410155,0.81641805,-1.975452,-1.9979748
